{
  "project_info": {
    "project_number": "885538297625",
    "firebase_url": "https://savvy-raceway-239511.firebaseio.com",
    "project_id": "savvy-raceway-239511",
    "storage_bucket": "savvy-raceway-239511.appspot.com"
  },
  "client": [
    {
      "client_info": {
        "mobilesdk_app_id": "1:885538297625:android:599b2b5c01b8045e",
        "android_client_info": {
          "package_name": "com.example.asus.gps"
        }
      },
      "oauth_client": [
        {
          "client_id": "885538297625-086gofd6q57rpvi22vapdukpuomc3u9k.apps.googleusercontent.com",
          "client_type": 1,
          "android_info": {
            "package_name": "com.example.asus.gps",
            "certificate_hash": "be070d1f82abe10274558c8187ea84896bf7e53e"
          }
        },
        {
          "client_id": "885538297625-3fc9c3of9qpg3arcianvnbdvr4jrk8oi.apps.googleusercontent.com",
          "client_type": 3
        }
      ],
      "api_key": [
        {
          "current_key": "AIzaSyAs8tesinYKDUtcn1PVTrv6nsMsiMzn6RA"
        }
      ],
      "services": {
        "appinvite_service": {
          "other_platform_oauth_client": [
            {
              "client_id": "885538297625-3fc9c3of9qpg3arcianvnbdvr4jrk8oi.apps.googleusercontent.com",
              "client_type": 3
            }
          ]
        }
      }
    }
  ],
  "configuration_version": "1"
}