{
  "project_info": {
    "project_number": "20916958756",
    "firebase_url": "https://uygulama-68dca.firebaseio.com",
    "project_id": "uygulama-68dca",
    "storage_bucket": "uygulama-68dca.appspot.com"
  },
  "client": [
    {
      "client_info": {
        "mobilesdk_app_id": "1:20916958756:android:7bca67ec4f5c9d8e",
        "android_client_info": {
          "package_name": "com.example.st.uygulama"
        }
      },
      "oauth_client": [
        {
          "client_id": "20916958756-5k8clie96tmvkkjtqfsv6en8bo61kegi.apps.googleusercontent.com",
          "client_type": 1,
          "android_info": {
            "package_name": "com.example.st.uygulama",
            "certificate_hash": "53ce31de7a5b8e789580149b138a25ab6538c2a3"
          }
        },
        {
          "client_id": "20916958756-dn445m4uk2g5s73g0p56l3lj099v8nek.apps.googleusercontent.com",
          "client_type": 3
        }
      ],
      "api_key": [
        {
          "current_key": "AIzaSyCD3PEOkhhRl7AxIUe6I2sPK_7EgnarMDw"
        }
      ],
      "services": {
        "appinvite_service": {
          "other_platform_oauth_client": [
            {
              "client_id": "20916958756-dn445m4uk2g5s73g0p56l3lj099v8nek.apps.googleusercontent.com",
              "client_type": 3
            }
          ]
        }
      }
    }
  ],
  "configuration_version": "1"
}