{
  "project_info": {
    "project_number": "733739417568",
    "firebase_url": "https://notification-144df.firebaseio.com",
    "project_id": "notification-144df",
    "storage_bucket": "notification-144df.appspot.com"
  },
  "client": [
    {
      "client_info": {
        "mobilesdk_app_id": "1:733739417568:android:2b21c3585b6de621",
        "android_client_info": {
          "package_name": "com.example.st.notdeneme"
        }
      },
      "oauth_client": [
        {
          "client_id": "733739417568-8ac9b0f4o7nmbegvv777egg9pl2f0gjc.apps.googleusercontent.com",
          "client_type": 1,
          "android_info": {
            "package_name": "com.example.st.notdeneme",
            "certificate_hash": "53ce31de7a5b8e789580149b138a25ab6538c2a3"
          }
        },
        {
          "client_id": "733739417568-hf50mpllhpmtmv58jgdjmg0cvd6pea42.apps.googleusercontent.com",
          "client_type": 3
        }
      ],
      "api_key": [
        {
          "current_key": "AIzaSyDK7vKFMXCzx4jfufHj3EmX9ikREoXaeHM"
        }
      ],
      "services": {
        "appinvite_service": {
          "other_platform_oauth_client": [
            {
              "client_id": "733739417568-hf50mpllhpmtmv58jgdjmg0cvd6pea42.apps.googleusercontent.com",
              "client_type": 3
            }
          ]
        }
      }
    }
  ],
  "configuration_version": "1"
}