{
  "project_info": {
    "project_number": "924170057435",
    "firebase_url": "https://akilli-reklam-46e58.firebaseio.com",
    "project_id": "akilli-reklam-46e58",
    "storage_bucket": "akilli-reklam-46e58.appspot.com"
  },
  "client": [
    {
      "client_info": {
        "mobilesdk_app_id": "1:924170057435:android:98ef246e3992623c",
        "android_client_info": {
          "package_name": "com.example.yazlab6"
        }
      },
      "oauth_client": [
        {
          "client_id": "924170057435-aoe00scncmm5dl4habkg6f801bml8o3e.apps.googleusercontent.com",
          "client_type": 1,
          "android_info": {
            "package_name": "com.example.yazlab6",
            "certificate_hash": "263fe5f6d42959e54ee81f3b13b8948c78e5f30b"
          }
        },
        {
          "client_id": "924170057435-hjbobegeght6b4tjdit4145j8jdnr572.apps.googleusercontent.com",
          "client_type": 3
        }
      ],
      "api_key": [
        {
          "current_key": "AIzaSyBLCWnzfCpFU4cZtxGSxqP7eY6SP_iInnE"
        }
      ],
      "services": {
        "appinvite_service": {
          "other_platform_oauth_client": [
            {
              "client_id": "924170057435-hjbobegeght6b4tjdit4145j8jdnr572.apps.googleusercontent.com",
              "client_type": 3
            }
          ]
        }
      }
    }
  ],
  "configuration_version": "1"
}